"LOCATION","INDICATOR","SUBJECT","MEASURE","FREQUENCY","TIME","Value","Flag Codes"
"MEX","GFCFASSET","CULTASSET","PC_GFCF","A","2007",0.102186767516717,
"MEX","GFCFASSET","CULTASSET","PC_GFCF","A","2008",0.104900034650781,
"MEX","GFCFASSET","CULTASSET","PC_GFCF","A","2009",0.115331000352255,
"MEX","GFCFASSET","CULTASSET","PC_GFCF","A","2010",0.111448556517911,
"MEX","GFCFASSET","CULTASSET","PC_GFCF","A","2011",0.106555841855485,
"MEX","GFCFASSET","CULTASSET","PC_GFCF","A","2012",0.101817894672979,
"MEX","GFCFASSET","CULTASSET","PC_GFCF","A","2013",0.127931271945846,
"MEX","GFCFASSET","CULTASSET","PC_GFCF","A","2014",0.126738834551452,
"MEX","GFCFASSET","CULTASSET","PC_GFCF","A","2015",0.121678254767909,
"MEX","GFCFASSET","CULTASSET","PC_GFCF","A","2016",0.121826057005014,"E"
"ZAF","GFCFASSET","CULTASSET","PC_GFCF","A","2007",0.788202448409819,
"ZAF","GFCFASSET","CULTASSET","PC_GFCF","A","2008",0.633217055029022,
"ZAF","GFCFASSET","CULTASSET","PC_GFCF","A","2009",0.643630431558653,
"ZAF","GFCFASSET","CULTASSET","PC_GFCF","A","2010",0.653720692592614,
"ZAF","GFCFASSET","CULTASSET","PC_GFCF","A","2011",0.700675480245314,
"ZAF","GFCFASSET","CULTASSET","PC_GFCF","A","2012",0.762415420736031,
"ZAF","GFCFASSET","CULTASSET","PC_GFCF","A","2013",1.0068854370109,
"ZAF","GFCFASSET","CULTASSET","PC_GFCF","A","2014",0.815516727803794,
"ZAF","GFCFASSET","CULTASSET","PC_GFCF","A","2015",0.609662856039225,
"ZAF","GFCFASSET","CULTASSET","PC_GFCF","A","2016",0.715681911621273,
"ZAF","GFCFASSET","CULTASSET","PC_GFCF","A","2017",0.636976610032705,
"SWE","GFCFASSET","CULTASSET","PC_GFCF","A","2007",0.238012218971241,
"SWE","GFCFASSET","CULTASSET","PC_GFCF","A","2008",0.261128141207277,
"SWE","GFCFASSET","CULTASSET","PC_GFCF","A","2009",0.28532566317197,
"SWE","GFCFASSET","CULTASSET","PC_GFCF","A","2010",0.28012627914806,
"SWE","GFCFASSET","CULTASSET","PC_GFCF","A","2011",0.29225570336166,
"SWE","GFCFASSET","CULTASSET","PC_GFCF","A","2012",0.277601816162462,
"SWE","GFCFASSET","CULTASSET","PC_GFCF","A","2013",0.282682839780755,
"SWE","GFCFASSET","CULTASSET","PC_GFCF","A","2014",0.231260038089889,
"SWE","GFCFASSET","CULTASSET","PC_GFCF","A","2015",0.232395580852783,
"SWE","GFCFASSET","CULTASSET","PC_GFCF","A","2016",0.218708117062186,
"SWE","GFCFASSET","CULTASSET","PC_GFCF","A","2017",0.203043375141015,
"FRA","GFCFASSET","CULTASSET","PC_GFCF","A","2007",0.235080289473158,
"FRA","GFCFASSET","CULTASSET","PC_GFCF","A","2008",0.177187672162392,
"FRA","GFCFASSET","CULTASSET","PC_GFCF","A","2009",0.194233829448657,
"FRA","GFCFASSET","CULTASSET","PC_GFCF","A","2010",0.191127425085078,
"FRA","GFCFASSET","CULTASSET","PC_GFCF","A","2011",0.177439412781704,
"FRA","GFCFASSET","CULTASSET","PC_GFCF","A","2012",0.219353408398102,
"FRA","GFCFASSET","CULTASSET","PC_GFCF","A","2013",0.259284973471504,
"FRA","GFCFASSET","CULTASSET","PC_GFCF","A","2014",0.279487414538888,
"FRA","GFCFASSET","CULTASSET","PC_GFCF","A","2015",0.26848789900285,"E"
"FRA","GFCFASSET","CULTASSET","PC_GFCF","A","2016",0.254913853871248,"E"
"FRA","GFCFASSET","CULTASSET","PC_GFCF","A","2017",0.244804921683746,"E"
"ISL","GFCFASSET","CULTASSET","PC_GFCF","A","2007",0.390374899804049,
"ISL","GFCFASSET","CULTASSET","PC_GFCF","A","2008",0.45426554523757,
"ISL","GFCFASSET","CULTASSET","PC_GFCF","A","2009",0.814341577295284,
"ISL","GFCFASSET","CULTASSET","PC_GFCF","A","2010",0.798761229754031,
"ISL","GFCFASSET","CULTASSET","PC_GFCF","A","2011",0.756253805223375,
"ISL","GFCFASSET","CULTASSET","PC_GFCF","A","2012",0.733251698763075,
"ISL","GFCFASSET","CULTASSET","PC_GFCF","A","2013",0.600403340653854,
"ISL","GFCFASSET","CULTASSET","PC_GFCF","A","2014",0.667630935817786,
"ISL","GFCFASSET","CULTASSET","PC_GFCF","A","2015",0.558449118397853,
"ISL","GFCFASSET","CULTASSET","PC_GFCF","A","2016",0.469611260394284,
"ISL","GFCFASSET","CULTASSET","PC_GFCF","A","2017",0.446887132179993,
"LUX","GFCFASSET","CULTASSET","PC_GFCF","A","2007",0.126667134019173,
"LUX","GFCFASSET","CULTASSET","PC_GFCF","A","2008",0.177373727491996,
"LUX","GFCFASSET","CULTASSET","PC_GFCF","A","2009",0.091026639434592,
"LUX","GFCFASSET","CULTASSET","PC_GFCF","A","2010",-0.033189258779817,
"LUX","GFCFASSET","CULTASSET","PC_GFCF","A","2011",-0.012961351014887,
"LUX","GFCFASSET","CULTASSET","PC_GFCF","A","2012",0.208289625791486,
"LUX","GFCFASSET","CULTASSET","PC_GFCF","A","2013",0.146528164212058,
"LUX","GFCFASSET","CULTASSET","PC_GFCF","A","2014",0.132108920955683,
"LUX","GFCFASSET","CULTASSET","PC_GFCF","A","2015",0.06943309434541,
"LUX","GFCFASSET","CULTASSET","PC_GFCF","A","2016",0.076341746240116,
"LUX","GFCFASSET","CULTASSET","PC_GFCF","A","2017",0.072449995353563,
"ESP","GFCFASSET","CULTASSET","PC_GFCF","A","2007",0.338248617203891,
"ESP","GFCFASSET","CULTASSET","PC_GFCF","A","2008",0.424763236665195,
"ESP","GFCFASSET","CULTASSET","PC_GFCF","A","2009",0.55771641034823,
"ESP","GFCFASSET","CULTASSET","PC_GFCF","A","2010",0.47753497170535,
"ESP","GFCFASSET","CULTASSET","PC_GFCF","A","2011",0.490682257138383,
"ESP","GFCFASSET","CULTASSET","PC_GFCF","A","2012",0.542657125228941,
"ESP","GFCFASSET","CULTASSET","PC_GFCF","A","2013",0.586886796866472,
"ESP","GFCFASSET","CULTASSET","PC_GFCF","A","2014",0.674606146855417,
"ESP","GFCFASSET","CULTASSET","PC_GFCF","A","2015",0.869447781906917,
"ESP","GFCFASSET","CULTASSET","PC_GFCF","A","2016",0.893645436985448,"E"
"ESP","GFCFASSET","CULTASSET","PC_GFCF","A","2017",0.794720278549667,"E"
"FIN","GFCFASSET","CULTASSET","PC_GFCF","A","2007",0.124160255415383,
"FIN","GFCFASSET","CULTASSET","PC_GFCF","A","2008",0.126997565879987,
"FIN","GFCFASSET","CULTASSET","PC_GFCF","A","2009",0.123825478913249,
"FIN","GFCFASSET","CULTASSET","PC_GFCF","A","2010",0.124593848484108,
"FIN","GFCFASSET","CULTASSET","PC_GFCF","A","2011",0.102789008428699,
"FIN","GFCFASSET","CULTASSET","PC_GFCF","A","2012",0.08966599417171,
"FIN","GFCFASSET","CULTASSET","PC_GFCF","A","2013",0.09284404521505,
"FIN","GFCFASSET","CULTASSET","PC_GFCF","A","2014",0.094708180419084,
"FIN","GFCFASSET","CULTASSET","PC_GFCF","A","2015",0.086624681010465,
"FIN","GFCFASSET","CULTASSET","PC_GFCF","A","2016",0.064042353343011,
"FIN","GFCFASSET","CULTASSET","PC_GFCF","A","2017",0.064544757755456,
"BEL","GFCFASSET","CULTASSET","PC_GFCF","A","2007",0.244586998808903,
"BEL","GFCFASSET","CULTASSET","PC_GFCF","A","2008",0.271894710304904,
"BEL","GFCFASSET","CULTASSET","PC_GFCF","A","2009",0.216297729254649,
"BEL","GFCFASSET","CULTASSET","PC_GFCF","A","2010",0.197210927820298,
"BEL","GFCFASSET","CULTASSET","PC_GFCF","A","2011",0.220186101058996,
"BEL","GFCFASSET","CULTASSET","PC_GFCF","A","2012",0.230975068380026,
"BEL","GFCFASSET","CULTASSET","PC_GFCF","A","2013",0.216231883391206,
"BEL","GFCFASSET","CULTASSET","PC_GFCF","A","2014",0.20648557856109,
"BEL","GFCFASSET","CULTASSET","PC_GFCF","A","2015",0.071699154139494,
"BEL","GFCFASSET","CULTASSET","PC_GFCF","A","2016",0.067687186341513,
"BEL","GFCFASSET","CULTASSET","PC_GFCF","A","2017",0.067082864787312,
"IRL","GFCFASSET","CULTASSET","PC_GFCF","A","2007",-0.050139015569167,
"IRL","GFCFASSET","CULTASSET","PC_GFCF","A","2008",0.004777470348886,
"IRL","GFCFASSET","CULTASSET","PC_GFCF","A","2009",-0.121712527220774,
"IRL","GFCFASSET","CULTASSET","PC_GFCF","A","2010",-0.18530025137319,
"IRL","GFCFASSET","CULTASSET","PC_GFCF","A","2011",0.066405300535383,
"IRL","GFCFASSET","CULTASSET","PC_GFCF","A","2012",0.24144642927025,
"IRL","GFCFASSET","CULTASSET","PC_GFCF","A","2013",-0.059180159447747,
"IRL","GFCFASSET","CULTASSET","PC_GFCF","A","2014",0.002465649680435,
"IRL","GFCFASSET","CULTASSET","PC_GFCF","A","2015",0.201325610659308,
"IRL","GFCFASSET","CULTASSET","PC_GFCF","A","2016",0.035732244804434,
"IRL","GFCFASSET","CULTASSET","PC_GFCF","A","2017",0.030641520919764,
"POL","GFCFASSET","CULTASSET","PC_GFCF","A","2007",0.161933607221039,
"POL","GFCFASSET","CULTASSET","PC_GFCF","A","2008",0.15385029726436,
"POL","GFCFASSET","CULTASSET","PC_GFCF","A","2009",0.171646103123619,
"POL","GFCFASSET","CULTASSET","PC_GFCF","A","2010",0.162023140315451,
"POL","GFCFASSET","CULTASSET","PC_GFCF","A","2011",0.167553806989123,
"POL","GFCFASSET","CULTASSET","PC_GFCF","A","2012",0.158473199111806,
"POL","GFCFASSET","CULTASSET","PC_GFCF","A","2013",0.158167439323698,
"POL","GFCFASSET","CULTASSET","PC_GFCF","A","2014",0.167359578536723,
"POL","GFCFASSET","CULTASSET","PC_GFCF","A","2015",0.154084483664832,
"POL","GFCFASSET","CULTASSET","PC_GFCF","A","2016",0.175218127165974,
"POL","GFCFASSET","CULTASSET","PC_GFCF","A","2017",0.170867878258056,
"HUN","GFCFASSET","CULTASSET","PC_GFCF","A","2007",0.654682694894123,
"HUN","GFCFASSET","CULTASSET","PC_GFCF","A","2008",0.713750027396947,
"HUN","GFCFASSET","CULTASSET","PC_GFCF","A","2009",0.798650847437287,
"HUN","GFCFASSET","CULTASSET","PC_GFCF","A","2010",0.931852945926183,
"HUN","GFCFASSET","CULTASSET","PC_GFCF","A","2011",0.974270208690352,
"HUN","GFCFASSET","CULTASSET","PC_GFCF","A","2012",0.908183566172952,
"HUN","GFCFASSET","CULTASSET","PC_GFCF","A","2013",0.679889712310698,
"HUN","GFCFASSET","CULTASSET","PC_GFCF","A","2014",0.726401067638321,
"HUN","GFCFASSET","CULTASSET","PC_GFCF","A","2015",0.660020445408229,
"HUN","GFCFASSET","CULTASSET","PC_GFCF","A","2016",0.699121773525863,
"HUN","GFCFASSET","CULTASSET","PC_GFCF","A","2017",0.60212475579356,
"EST","GFCFASSET","CULTASSET","PC_GFCF","A","2007",0.258135154479347,
"EST","GFCFASSET","CULTASSET","PC_GFCF","A","2008",0.420978798468924,
"EST","GFCFASSET","CULTASSET","PC_GFCF","A","2009",0.669765529807179,
"EST","GFCFASSET","CULTASSET","PC_GFCF","A","2010",0.603016648171259,
"EST","GFCFASSET","CULTASSET","PC_GFCF","A","2011",0.538037620840972,
"EST","GFCFASSET","CULTASSET","PC_GFCF","A","2012",0.300035331314349,
"EST","GFCFASSET","CULTASSET","PC_GFCF","A","2013",0.505394202909476,
"EST","GFCFASSET","CULTASSET","PC_GFCF","A","2014",0.518544753444698,
"EST","GFCFASSET","CULTASSET","PC_GFCF","A","2015",0.52704219149836,
"EST","GFCFASSET","CULTASSET","PC_GFCF","A","2016",0.936464187121761,
"EST","GFCFASSET","CULTASSET","PC_GFCF","A","2017",0.256745060508575,
"AUT","GFCFASSET","CULTASSET","PC_GFCF","A","2007",0.248927039945568,
"AUT","GFCFASSET","CULTASSET","PC_GFCF","A","2008",0.23545794889217,
"AUT","GFCFASSET","CULTASSET","PC_GFCF","A","2009",0.235442344274639,
"AUT","GFCFASSET","CULTASSET","PC_GFCF","A","2010",0.203430208885268,
"AUT","GFCFASSET","CULTASSET","PC_GFCF","A","2011",0.179362596986737,
"AUT","GFCFASSET","CULTASSET","PC_GFCF","A","2012",0.14271332108308,
"AUT","GFCFASSET","CULTASSET","PC_GFCF","A","2013",0.150074601816573,
"AUT","GFCFASSET","CULTASSET","PC_GFCF","A","2014",0.165578835792687,
"AUT","GFCFASSET","CULTASSET","PC_GFCF","A","2015",0.147184400808465,
"AUT","GFCFASSET","CULTASSET","PC_GFCF","A","2016",0.134178293941125,
"AUT","GFCFASSET","CULTASSET","PC_GFCF","A","2017",0.116761061880043,
"ITA","GFCFASSET","CULTASSET","PC_GFCF","A","2007",0.198717538817465,
"ITA","GFCFASSET","CULTASSET","PC_GFCF","A","2008",0.176554711192721,
"ITA","GFCFASSET","CULTASSET","PC_GFCF","A","2009",0.205815054655508,
"ITA","GFCFASSET","CULTASSET","PC_GFCF","A","2010",0.21156137608019,
"ITA","GFCFASSET","CULTASSET","PC_GFCF","A","2011",0.21411453185478,
"ITA","GFCFASSET","CULTASSET","PC_GFCF","A","2012",0.241148789343263,
"ITA","GFCFASSET","CULTASSET","PC_GFCF","A","2013",0.257493107252168,
"ITA","GFCFASSET","CULTASSET","PC_GFCF","A","2014",0.24429499550671,
"ITA","GFCFASSET","CULTASSET","PC_GFCF","A","2015",0.232482720226604,
"ITA","GFCFASSET","CULTASSET","PC_GFCF","A","2016",0.221531542306941,
"ITA","GFCFASSET","CULTASSET","PC_GFCF","A","2017",0.216681086841264,
"CZE","GFCFASSET","CULTASSET","PC_GFCF","A","2007",0.39026759692661,
"CZE","GFCFASSET","CULTASSET","PC_GFCF","A","2008",0.345863371095091,
"CZE","GFCFASSET","CULTASSET","PC_GFCF","A","2009",0.364715685407799,
"CZE","GFCFASSET","CULTASSET","PC_GFCF","A","2010",0.339715902962431,
"CZE","GFCFASSET","CULTASSET","PC_GFCF","A","2011",0.3377640656147,
"CZE","GFCFASSET","CULTASSET","PC_GFCF","A","2012",0.193356484144103,
"CZE","GFCFASSET","CULTASSET","PC_GFCF","A","2013",0.283811821565609,
"CZE","GFCFASSET","CULTASSET","PC_GFCF","A","2014",0.310126144408828,
"CZE","GFCFASSET","CULTASSET","PC_GFCF","A","2015",0.276164057400029,
"CZE","GFCFASSET","CULTASSET","PC_GFCF","A","2016",0.324888366943828,
"CZE","GFCFASSET","CULTASSET","PC_GFCF","A","2017",0.231676157337562,
"SVK","GFCFASSET","CULTASSET","PC_GFCF","A","2007",3.02555709510157,
"SVK","GFCFASSET","CULTASSET","PC_GFCF","A","2008",2.86216856963006,
"SVK","GFCFASSET","CULTASSET","PC_GFCF","A","2009",0.773508193669438,
"SVK","GFCFASSET","CULTASSET","PC_GFCF","A","2010",1.36624695437178,
"SVK","GFCFASSET","CULTASSET","PC_GFCF","A","2011",1.86519999915025,
"SVK","GFCFASSET","CULTASSET","PC_GFCF","A","2012",1.85401867303746,
"SVK","GFCFASSET","CULTASSET","PC_GFCF","A","2013",1.67447952118479,
"SVK","GFCFASSET","CULTASSET","PC_GFCF","A","2014",1.07473330276476,
"SVK","GFCFASSET","CULTASSET","PC_GFCF","A","2015",0.966142791957387,
"SVK","GFCFASSET","CULTASSET","PC_GFCF","A","2016",1.19845916113819,
"SVK","GFCFASSET","CULTASSET","PC_GFCF","A","2017",1.24177745860783,
"SVN","GFCFASSET","CULTASSET","PC_GFCF","A","2007",0.304545244702343,
"SVN","GFCFASSET","CULTASSET","PC_GFCF","A","2008",0.298425210540575,
"SVN","GFCFASSET","CULTASSET","PC_GFCF","A","2009",0.451279801398455,
"SVN","GFCFASSET","CULTASSET","PC_GFCF","A","2010",0.420675413367211,
"SVN","GFCFASSET","CULTASSET","PC_GFCF","A","2011",0.412243142940063,
"SVN","GFCFASSET","CULTASSET","PC_GFCF","A","2012",0.393700944452046,
"SVN","GFCFASSET","CULTASSET","PC_GFCF","A","2013",0.519158716592094,
"SVN","GFCFASSET","CULTASSET","PC_GFCF","A","2014",0.582185134471017,
"SVN","GFCFASSET","CULTASSET","PC_GFCF","A","2015",0.63241817314972,
"SVN","GFCFASSET","CULTASSET","PC_GFCF","A","2016",0.53174107295619,
"SVN","GFCFASSET","CULTASSET","PC_GFCF","A","2017",0.501129930834647,
"GRC","GFCFASSET","CULTASSET","PC_GFCF","A","2007",0.141378648637088,
"GRC","GFCFASSET","CULTASSET","PC_GFCF","A","2008",0.225345977447378,
"GRC","GFCFASSET","CULTASSET","PC_GFCF","A","2009",0.262012956421716,
"GRC","GFCFASSET","CULTASSET","PC_GFCF","A","2010",0.190312010946652,
"GRC","GFCFASSET","CULTASSET","PC_GFCF","A","2011",0.332711108673032,"E"
"GRC","GFCFASSET","CULTASSET","PC_GFCF","A","2012",0.43356681346932,"E"
"GRC","GFCFASSET","CULTASSET","PC_GFCF","A","2013",0.402546075101597,"E"
"GRC","GFCFASSET","CULTASSET","PC_GFCF","A","2014",0.457961937379047,"E"
"GRC","GFCFASSET","CULTASSET","PC_GFCF","A","2015",0.377446227610242,"E"
"GRC","GFCFASSET","CULTASSET","PC_GFCF","A","2016",0.370537126678119,"E"
"GRC","GFCFASSET","CULTASSET","PC_GFCF","A","2017",0.405693194316285,"E"
"NLD","GFCFASSET","CULTASSET","PC_GFCF","A","2007",0.211473659395671,
"NLD","GFCFASSET","CULTASSET","PC_GFCF","A","2008",0.175351576417658,
"NLD","GFCFASSET","CULTASSET","PC_GFCF","A","2009",0.19980770386395,
"NLD","GFCFASSET","CULTASSET","PC_GFCF","A","2010",0.205722092487569,
"NLD","GFCFASSET","CULTASSET","PC_GFCF","A","2011",0.152712556789982,
"NLD","GFCFASSET","CULTASSET","PC_GFCF","A","2012",0.204889596343006,
"NLD","GFCFASSET","CULTASSET","PC_GFCF","A","2013",0.260646502305402,
"NLD","GFCFASSET","CULTASSET","PC_GFCF","A","2014",0.281873740879311,
"NLD","GFCFASSET","CULTASSET","PC_GFCF","A","2015",0.232736522588555,
"NLD","GFCFASSET","CULTASSET","PC_GFCF","A","2016",0.240691724016234,
"NLD","GFCFASSET","CULTASSET","PC_GFCF","A","2017",0.073413183949629,"E"
"DEU","GFCFASSET","CULTASSET","PC_GFCF","A","2007",0.038965842581952,
"DEU","GFCFASSET","CULTASSET","PC_GFCF","A","2008",0.120581633573921,
"DEU","GFCFASSET","CULTASSET","PC_GFCF","A","2009",0.063637385691346,
"DEU","GFCFASSET","CULTASSET","PC_GFCF","A","2010",0.0602254665978,
"DEU","GFCFASSET","CULTASSET","PC_GFCF","A","2011",0.053667165004627,
"DEU","GFCFASSET","CULTASSET","PC_GFCF","A","2012",0.061109048104898,
"DEU","GFCFASSET","CULTASSET","PC_GFCF","A","2013",0.100583383625025,
"DEU","GFCFASSET","CULTASSET","PC_GFCF","A","2014",0.136158856537923,
"DEU","GFCFASSET","CULTASSET","PC_GFCF","A","2015",0.113788376740269,
"DEU","GFCFASSET","CULTASSET","PC_GFCF","A","2016",0.074286822842488,
"DEU","GFCFASSET","CULTASSET","PC_GFCF","A","2017",0.094784309366372,
"DNK","GFCFASSET","CULTASSET","PC_GFCF","A","2007",-0.04133423991469,
"DNK","GFCFASSET","CULTASSET","PC_GFCF","A","2008",0.002661324662254,
"DNK","GFCFASSET","CULTASSET","PC_GFCF","A","2009",0.035124389281879,
"DNK","GFCFASSET","CULTASSET","PC_GFCF","A","2010",-0.016157305083454,
"DNK","GFCFASSET","CULTASSET","PC_GFCF","A","2011",-0.043834015195792,
"DNK","GFCFASSET","CULTASSET","PC_GFCF","A","2012",0.000562053518736,
"DNK","GFCFASSET","CULTASSET","PC_GFCF","A","2013",-0.016319869441044,
"DNK","GFCFASSET","CULTASSET","PC_GFCF","A","2014",-0.020281090648573,
"DNK","GFCFASSET","CULTASSET","PC_GFCF","A","2015",0.007344691434317,
"DNK","GFCFASSET","CULTASSET","PC_GFCF","A","2016",-0.016836973044243,
"DNK","GFCFASSET","CULTASSET","PC_GFCF","A","2017",-0.00045329991002,
"CHE","GFCFASSET","CULTASSET","PC_GFCF","A","2007",0.173146754337143,
"CHE","GFCFASSET","CULTASSET","PC_GFCF","A","2008",0.120355089189344,
"CHE","GFCFASSET","CULTASSET","PC_GFCF","A","2009",0.156379174285861,
"CHE","GFCFASSET","CULTASSET","PC_GFCF","A","2010",0.153586802184629,
"CHE","GFCFASSET","CULTASSET","PC_GFCF","A","2011",0.165078589512166,
"CHE","GFCFASSET","CULTASSET","PC_GFCF","A","2012",0.138320560091536,
"CHE","GFCFASSET","CULTASSET","PC_GFCF","A","2013",0.149210651551476,
"CHE","GFCFASSET","CULTASSET","PC_GFCF","A","2014",0.137522112181585,
"CHE","GFCFASSET","CULTASSET","PC_GFCF","A","2015",0.135510646567438,"E"
"CHE","GFCFASSET","CULTASSET","PC_GFCF","A","2016",0.151785588212708,"E"
"ISR","GFCFASSET","CULTASSET","PC_GFCF","A","2007",0.171399813896606,
"ISR","GFCFASSET","CULTASSET","PC_GFCF","A","2008",0.158602663413587,
"ISR","GFCFASSET","CULTASSET","PC_GFCF","A","2009",0.316913538816293,
"ISR","GFCFASSET","CULTASSET","PC_GFCF","A","2010",0.344805416696133,
"ISR","GFCFASSET","CULTASSET","PC_GFCF","A","2011",0.244512753770823,
"ISR","GFCFASSET","CULTASSET","PC_GFCF","A","2012",0.254780155426493,
"ISR","GFCFASSET","CULTASSET","PC_GFCF","A","2013",0.184777128910421,
"ISR","GFCFASSET","CULTASSET","PC_GFCF","A","2014",0.204773524432526,
"ISR","GFCFASSET","CULTASSET","PC_GFCF","A","2015",0.16030253433107,
"ISR","GFCFASSET","CULTASSET","PC_GFCF","A","2016",0.03948401772439,
"ISR","GFCFASSET","CULTASSET","PC_GFCF","A","2017",0.180748422575999,
"PRT","GFCFASSET","CULTASSET","PC_GFCF","A","2007",1.06283146859486,
"PRT","GFCFASSET","CULTASSET","PC_GFCF","A","2008",0.967247242509136,
"PRT","GFCFASSET","CULTASSET","PC_GFCF","A","2009",1.09343265597702,
"PRT","GFCFASSET","CULTASSET","PC_GFCF","A","2010",1.11624906829668,
"PRT","GFCFASSET","CULTASSET","PC_GFCF","A","2011",1.29916968560515,
"PRT","GFCFASSET","CULTASSET","PC_GFCF","A","2012",1.56949013222643,
"PRT","GFCFASSET","CULTASSET","PC_GFCF","A","2013",1.67028182642234,
"PRT","GFCFASSET","CULTASSET","PC_GFCF","A","2014",1.68751426340945,
"PRT","GFCFASSET","CULTASSET","PC_GFCF","A","2015",1.69178698223322,
"PRT","GFCFASSET","CULTASSET","PC_GFCF","A","2016",1.69720845009999,
"PRT","GFCFASSET","CULTASSET","PC_GFCF","A","2017",1.54513552422432,"E"
"AUS","GFCFASSET","CULTASSET","PC_GFCF","A","2007",1.16475405387477,
"AUS","GFCFASSET","CULTASSET","PC_GFCF","A","2008",1.01389053096605,
"AUS","GFCFASSET","CULTASSET","PC_GFCF","A","2009",0.945888562414681,
"AUS","GFCFASSET","CULTASSET","PC_GFCF","A","2010",1.35662556753032,
"AUS","GFCFASSET","CULTASSET","PC_GFCF","A","2011",0.994699011899729,
"AUS","GFCFASSET","CULTASSET","PC_GFCF","A","2012",0.962685095634701,
"AUS","GFCFASSET","CULTASSET","PC_GFCF","A","2013",0.808419161592604,
"AUS","GFCFASSET","CULTASSET","PC_GFCF","A","2014",0.65791342048714,
"AUS","GFCFASSET","CULTASSET","PC_GFCF","A","2015",0.747070709000674,
"AUS","GFCFASSET","CULTASSET","PC_GFCF","A","2016",1.25678194488965,
"GBR","GFCFASSET","CULTASSET","PC_GFCF","A","2007",0.307258111323931,
"GBR","GFCFASSET","CULTASSET","PC_GFCF","A","2008",0.416054459941376,
"GBR","GFCFASSET","CULTASSET","PC_GFCF","A","2009",0.560738994970213,
"GBR","GFCFASSET","CULTASSET","PC_GFCF","A","2010",0.460690464930448,
"GBR","GFCFASSET","CULTASSET","PC_GFCF","A","2011",0.49097529462433,
"GBR","GFCFASSET","CULTASSET","PC_GFCF","A","2012",0.515668534108272,
"GBR","GFCFASSET","CULTASSET","PC_GFCF","A","2013",0.50389649155849,
"GBR","GFCFASSET","CULTASSET","PC_GFCF","A","2014",0.484714486160126,
"GBR","GFCFASSET","CULTASSET","PC_GFCF","A","2015",0.383806256104586,
"GBR","GFCFASSET","CULTASSET","PC_GFCF","A","2016",0.411233337959583,
"GBR","GFCFASSET","CULTASSET","PC_GFCF","A","2017",0.401210189084916,
"EA","GFCFASSET","CULTASSET","PC_GFCF","A","2007",0.224468021817146,
"EA","GFCFASSET","CULTASSET","PC_GFCF","A","2008",0.240196730308041,
"EA","GFCFASSET","CULTASSET","PC_GFCF","A","2009",0.234563854569251,
"EA","GFCFASSET","CULTASSET","PC_GFCF","A","2010",0.221715190345185,
"EA","GFCFASSET","CULTASSET","PC_GFCF","A","2011",0.219513921483982,
"EA","GFCFASSET","CULTASSET","PC_GFCF","A","2012",0.239921599023765,
"EA","GFCFASSET","CULTASSET","PC_GFCF","A","2013",0.264051165897182,
"EA","GFCFASSET","CULTASSET","PC_GFCF","A","2014",0.282995644173143,
"EA","GFCFASSET","CULTASSET","PC_GFCF","A","2015",0.291838987117383,
"EA","GFCFASSET","CULTASSET","PC_GFCF","A","2016",0.272795876435566,
"EA","GFCFASSET","CULTASSET","PC_GFCF","A","2017",0.248579614538367,
"EU","GFCFASSET","CULTASSET","PC_GFCF","A","2007",0.238085832780162,
"EU","GFCFASSET","CULTASSET","PC_GFCF","A","2008",0.259601168449539,
"EU","GFCFASSET","CULTASSET","PC_GFCF","A","2009",0.272481219230991,
"EU","GFCFASSET","CULTASSET","PC_GFCF","A","2010",0.252855227015191,
"EU","GFCFASSET","CULTASSET","PC_GFCF","A","2011",0.256351845960941,
"EU","GFCFASSET","CULTASSET","PC_GFCF","A","2012",0.279541173552002,
"EU","GFCFASSET","CULTASSET","PC_GFCF","A","2013",0.291202534948513,
"EU","GFCFASSET","CULTASSET","PC_GFCF","A","2014",0.305075283108467,
"EU","GFCFASSET","CULTASSET","PC_GFCF","A","2015",0.296090202308063,
"EU","GFCFASSET","CULTASSET","PC_GFCF","A","2016",0.286694392554321,
"EU","GFCFASSET","CULTASSET","PC_GFCF","A","2017",0.263541319936027,
"BRA","GFCFASSET","CULTASSET","PC_GFCF","A","2010",1.88922558669384,
"BRA","GFCFASSET","CULTASSET","PC_GFCF","A","2011",1.56919573313583,
"BRA","GFCFASSET","CULTASSET","PC_GFCF","A","2012",1.52737954404187,
"BRA","GFCFASSET","CULTASSET","PC_GFCF","A","2013",1.38850022960794,
"BRA","GFCFASSET","CULTASSET","PC_GFCF","A","2014",1.43793433427402,
"BRA","GFCFASSET","CULTASSET","PC_GFCF","A","2015",1.72134389754226,
"IDN","GFCFASSET","CULTASSET","PC_GFCF","A","2010",5.90567895759406,
"IDN","GFCFASSET","CULTASSET","PC_GFCF","A","2011",5.95184477678797,
"IDN","GFCFASSET","CULTASSET","PC_GFCF","A","2012",5.64830795304934,
"IDN","GFCFASSET","CULTASSET","PC_GFCF","A","2013",5.80959462684006,
"IDN","GFCFASSET","CULTASSET","PC_GFCF","A","2014",5.86792001652105,
"IDN","GFCFASSET","CULTASSET","PC_GFCF","A","2015",5.96284548469992,
"IDN","GFCFASSET","CULTASSET","PC_GFCF","A","2016",6.10573251831481,
"IDN","GFCFASSET","CULTASSET","PC_GFCF","A","2017",5.82727912806998,
"NOR","GFCFASSET","CULTASSET","PC_GFCF","A","2007",0.002891035080904,
"NOR","GFCFASSET","CULTASSET","PC_GFCF","A","2008",-0.012238092081445,
"NOR","GFCFASSET","CULTASSET","PC_GFCF","A","2009",-0.004248983342215,
"NOR","GFCFASSET","CULTASSET","PC_GFCF","A","2010",-0.004650358170586,
"NOR","GFCFASSET","CULTASSET","PC_GFCF","A","2011",-0.006492306616659,
"NOR","GFCFASSET","CULTASSET","PC_GFCF","A","2012",0.002254560976856,
"NOR","GFCFASSET","CULTASSET","PC_GFCF","A","2013",-0.013673560995822,
"NOR","GFCFASSET","CULTASSET","PC_GFCF","A","2014",-0.000266854176201,
"NOR","GFCFASSET","CULTASSET","PC_GFCF","A","2015",0.004990470898136,
"NOR","GFCFASSET","CULTASSET","PC_GFCF","A","2016",0.007845062545394,
"NOR","GFCFASSET","CULTASSET","PC_GFCF","A","2017",0.007397947736531,
"LVA","GFCFASSET","CULTASSET","PC_GFCF","A","2007",0.122148519853787,
"LVA","GFCFASSET","CULTASSET","PC_GFCF","A","2008",0.104540402770763,
"LVA","GFCFASSET","CULTASSET","PC_GFCF","A","2009",0.393825008606748,
"LVA","GFCFASSET","CULTASSET","PC_GFCF","A","2010",0.596643066974787,
"LVA","GFCFASSET","CULTASSET","PC_GFCF","A","2011",0.103679811510636,
"LVA","GFCFASSET","CULTASSET","PC_GFCF","A","2012",0.080900931216375,
"LVA","GFCFASSET","CULTASSET","PC_GFCF","A","2013",0.221374833538902,
"LVA","GFCFASSET","CULTASSET","PC_GFCF","A","2014",0.138983870151818,
"LVA","GFCFASSET","CULTASSET","PC_GFCF","A","2015",0.111301783280032,
"LVA","GFCFASSET","CULTASSET","PC_GFCF","A","2016",0.310916438511402,
"LVA","GFCFASSET","CULTASSET","PC_GFCF","A","2017",0.270480481569934,
"JPN","GFCFASSET","CULTASSET","PC_GFCF","A","2007",0.154330133913949,
"JPN","GFCFASSET","CULTASSET","PC_GFCF","A","2008",0.149228133109571,
"JPN","GFCFASSET","CULTASSET","PC_GFCF","A","2009",0.155948660275847,
"JPN","GFCFASSET","CULTASSET","PC_GFCF","A","2010",0.158445936765923,
"JPN","GFCFASSET","CULTASSET","PC_GFCF","A","2011",0.154128440366972,
"JPN","GFCFASSET","CULTASSET","PC_GFCF","A","2012",0.151398134738933,
"JPN","GFCFASSET","CULTASSET","PC_GFCF","A","2013",0.139630180224311,
"JPN","GFCFASSET","CULTASSET","PC_GFCF","A","2014",0.138047745030687,
"JPN","GFCFASSET","CULTASSET","PC_GFCF","A","2015",0.139786604047328,
"JPN","GFCFASSET","CULTASSET","PC_GFCF","A","2016",0.163184632093188,
"COL","GFCFASSET","CULTASSET","PC_GFCF","A","2007",2.29080167730474,
"COL","GFCFASSET","CULTASSET","PC_GFCF","A","2008",2.17807304172007,
"COL","GFCFASSET","CULTASSET","PC_GFCF","A","2009",2.24216812768484,
"COL","GFCFASSET","CULTASSET","PC_GFCF","A","2010",2.30328068451856,
"COL","GFCFASSET","CULTASSET","PC_GFCF","A","2011",2.09816973988163,
"COL","GFCFASSET","CULTASSET","PC_GFCF","A","2012",1.64865895512902,
"COL","GFCFASSET","CULTASSET","PC_GFCF","A","2013",1.31892745028636,
"COL","GFCFASSET","CULTASSET","PC_GFCF","A","2014",1.24472195920874,
"COL","GFCFASSET","CULTASSET","PC_GFCF","A","2015",1.27532308973637,
"COL","GFCFASSET","CULTASSET","PC_GFCF","A","2016",1.54166488398294,
"CRI","GFCFASSET","CULTASSET","PC_GFCF","A","2007",1.42757862346814,
"CRI","GFCFASSET","CULTASSET","PC_GFCF","A","2008",1.16291662300866,
"CRI","GFCFASSET","CULTASSET","PC_GFCF","A","2009",1.29256585440427,
"CRI","GFCFASSET","CULTASSET","PC_GFCF","A","2010",1.39935855446214,
"CRI","GFCFASSET","CULTASSET","PC_GFCF","A","2011",1.35235583160934,
"CRI","GFCFASSET","CULTASSET","PC_GFCF","A","2012",1.26726094585196,
"CRI","GFCFASSET","CULTASSET","PC_GFCF","A","2013",1.20225461706678,
"CRI","GFCFASSET","CULTASSET","PC_GFCF","A","2014",1.08209203733803,
"CRI","GFCFASSET","CULTASSET","PC_GFCF","A","2015",1.21574821310197,
"CRI","GFCFASSET","CULTASSET","PC_GFCF","A","2016",1.26097405099785,
"LTU","GFCFASSET","CULTASSET","PC_GFCF","A","2007",1.35045247555048,
"LTU","GFCFASSET","CULTASSET","PC_GFCF","A","2008",0.815464162707345,
"LTU","GFCFASSET","CULTASSET","PC_GFCF","A","2009",0.731642046600632,
"LTU","GFCFASSET","CULTASSET","PC_GFCF","A","2010",1.26235950184479,
"LTU","GFCFASSET","CULTASSET","PC_GFCF","A","2011",1.01089484554312,
"LTU","GFCFASSET","CULTASSET","PC_GFCF","A","2012",0.412711195186686,
"LTU","GFCFASSET","CULTASSET","PC_GFCF","A","2013",0.84843461660229,
"LTU","GFCFASSET","CULTASSET","PC_GFCF","A","2014",0.573566384661507,
"LTU","GFCFASSET","CULTASSET","PC_GFCF","A","2015",0.926838529581519,
"LTU","GFCFASSET","CULTASSET","PC_GFCF","A","2016",1.55632277295927,
"LTU","GFCFASSET","CULTASSET","PC_GFCF","A","2017",0.88441822686784,
